{"cameraMode":{"drawMode":0,"name":"Shaded","section":"Shading Mode"},"sceneLighting":false,"audioPlay":false,"sceneViewState":{"showFog":true,"showMaterialUpdate":false,"showSkybox":true,"showFlares":true,"showImageEffects":true,"showParticleSystems":true},"in2DMode":false,"pivot":{"x":-0.05627322196960449,"y":-5.206677436828613,"z":-13.258315086364746},"rotation":{"x":-0.04365884140133858,"y":0.9313375353813171,"z":-0.34134742617607119,"w":-0.11910660564899445},"size":25.399837493896486,"orthographic":false}